ambiguity,length,finality,resolution,region,cor_estimate,r_2,cor_p_value,rmse,resid_mean
all,all,all,all,non-critical,0.306498295888003,0.0939412053822499,1.9220883234448102e-25,72.9620407041157,7.18032689698044
unambiguous,all,nonfinal,all,critical,0.225785678470342,0.0509791726023125,0.0065076048623609,70.7609219480775,17.4069084388269
unambiguous,all,final,all,critical,0.378218368913572,0.143049134583643,2.95562960997262e-06,301.077431932585,232.704442968054
unambiguous,all,nonfinal,object,critical,0.187480130783099,0.035148799438448,0.114795889651454,57.66629487884,7.40031322631785
unambiguous,all,nonfinal,comma,critical,0.267949694726186,0.071797038903856,0.0228686742971371,81.7851733802068,27.413503651336
ambiguous,all,nonfinal,all,critical,0.309353219219696,0.0956994142415891,0.008188175160867,106.275875631794,61.541444811436
ambiguous,all,final,all,critical,0.515832915744375,0.266083596965344,4.14690022340365e-06,429.103188344506,363.918708496117
ambiguous,short,nonfinal,all,critical,0.279890670795159,0.078338787598164,0.0982680313935791,109.79017044484,63.8740263040701
ambiguous,long,nonfinal,all,critical,0.347671690869125,0.120875604631796,0.037734750026943,102.641326746599,59.2088633188019
